Name,Team,G,GS,IP,W,L,SV,ERA,WHIP,K/9,BB/9,HR/9,BABIP,P_xERA,P_xwOBA,P_FBVelo,P_K,P_BB,P_Whiff,P_Barrel
Sandy Alcantara,Miami,7,7,47.1,3.0,2.0,,3.04,1.162,5.9,2.87,0.76,0.254,76.0,76.0,90.0,16.0,64.0,47.0,78.0
Max Fried,New York,7,7,47.1,4.0,1.0,,2.09,0.803,7.0,2.29,0.19,0.202,94.0,94.0,37.0,42.0,77.0,35.0,93.0
George Kirby,Seattle,7,7,45.0,4.0,2.0,,3.0,1.133,6.8,2.2,0.8,0.283,83.0,83.0,84.0,30.0,83.0,21.0,84.0
Logan Webb,San Francisco,7,7,44.0,2.0,3.0,,4.3,1.364,7.8,3.07,0.61,0.326,40.0,40.0,19.0,38.0,62.0,22.0,65.0
Seth Lugo,Kansas City,7,7,43.2,1.0,1.0,,2.68,1.214,7.6,2.71,0.21,0.317,49.0,49.0,12.0,44.0,67.0,16.0,48.0
Tarik Skubal,Detroit,7,7,43.1,3.0,2.0,,2.7,0.946,9.3,1.25,0.42,0.295,76.0,76.0,80.0,78.0,98.0,78.0,74.0
Gavin Williams,Cleveland,7,7,43.1,5.0,1.0,,2.7,1.015,11.0,3.97,1.25,0.207,60.0,60.0,78.0,91.0,32.0,81.0,9.0
Bryce Elder,Atlanta,7,7,43.0,3.0,1.0,,1.88,1.047,7.5,2.72,0.42,0.252,81.0,81.0,17.0,42.0,66.0,27.0,86.0
Jos\xc3\xa9 Soriano,Los Angeles,7,7,42.2,5.0,1.0,,0.84,0.938,10.3,3.41,0.64,0.223,78.0,78.0,90.0,89.0,42.0,92.0,37.0
Chris Sale,Atlanta,7,7,42.0,6.0,1.0,,2.14,0.905,10.5,2.57,1.07,0.223,83.0,83.0,62.0,89.0,71.0,63.0,48.0
Emerson Hancock,Seattle,7,7,41.2,2.0,1.0,,2.59,0.96,9.9,1.31,1.53,0.276,65.0,65.0,60.0,85.0,97.0,47.0,27.0
Cam Schlittler,New York,7,7,41.2,4.0,1.0,,1.51,0.744,10.6,1.31,0.22,0.242,93.0,93.0,91.0,92.0,97.0,83.0,59.0
Shota Imanaga,Chicago,7,7,41.1,3.0,2.0,,2.4,0.847,9.4,2.19,0.66,0.214,84.0,84.0,15.0,77.0,82.0,87.0,45.0
Mitch Keller,Pittsburgh,7,7,41.0,3.0,1.0,,2.85,1.049,6.8,2.63,0.22,0.254,60.0,60.0,27.0,29.0,69.0,35.0,92.0
Taj Bradley,Minnesota,7,7,41.0,3.0,1.0,,2.85,1.22,9.7,3.29,1.1,0.28,51.0,51.0,80.0,68.0,55.0,52.0,34.0
Bryan Woo,Seattle,7,7,41.0,1.0,2.0,,4.61,1.073,6.4,1.32,1.32,0.26,50.0,50.0,70.0,24.0,98.0,31.0,30.0
Kevin Gausman,Toronto,7,7,40.2,2.0,2.0,,3.1,0.959,8.9,1.79,1.12,0.243,72.0,72.0,35.0,65.0,94.0,68.0,34.0
Cristopher S\xc3\xa1nchez,Philadelphia,7,7,40.1,2.0,2.0,,2.9,1.512,11.2,2.92,0.67,0.395,71.0,71.0,57.0,81.0,72.0,81.0,23.0
Framber Valdez,Detroit,7,7,40.1,2.0,1.0,,3.35,1.264,7.1,3.14,0.45,0.285,62.0,62.0,40.0,27.0,61.0,29.0,78.0
Reid Detmers,Los Angeles,7,7,40.0,1.0,2.0,,4.28,1.15,9.9,2.02,0.68,0.312,84.0,84.0,42.0,72.0,90.0,71.0,63.0
Landen Roupp,San Francisco,7,7,39.2,5.0,2.0,,3.18,1.059,9.8,3.67,0.23,0.26,89.0,89.0,28.0,77.0,39.0,53.0,95.0
Michael King,San Diego,7,7,39.2,3.0,2.0,,2.95,1.134,8.8,4.13,0.69,0.255,53.0,53.0,28.0,63.0,30.0,63.0,21.0
Sean Burke,Chicago,7,5,39.2,2.0,2.0,,2.72,1.008,7.3,1.84,0.69,0.261,71.0,71.0,44.0,40.0,93.0,12.0,81.0
Nathan Eovaldi,Texas,7,7,39.2,3.0,4.0,,4.76,1.336,8.8,2.3,2.07,0.301,42.0,42.0,46.0,54.0,87.0,79.0,47.0
Robbie Ray,San Francisco,7,7,39.2,2.0,4.0,,2.95,1.059,9.1,3.21,1.61,0.219,55.0,55.0,34.0,69.0,51.0,59.0,18.0
Foster Griffin,Washington,7,7,39.2,3.0,1.0,,2.27,1.084,7.5,3.21,1.15,0.222,41.0,41.0,9.0,38.0,55.0,35.0,20.0
Michael McGreevy,St. Louis,7,7,39.1,2.0,2.0,,2.52,0.915,5.5,1.84,1.15,0.209,13.0,13.0,6.0,17.0,90.0,7.0,21.0
Nolan McLean,New York,7,7,39.1,1.0,2.0,,2.97,0.941,11.7,2.53,0.46,0.273,93.0,93.0,67.0,94.0,72.0,63.0,72.0
Tyler Glasnow,Los Angeles,6,6,38.2,3.0,,,2.56,0.828,10.9,3.06,0.94,0.188,92.0,92.0,67.0,93.0,51.0,81.0,56.0
Ryan Weathers,New York,7,7,38.2,2.0,2.0,,3.03,1.19,10.5,2.36,1.41,0.313,33.0,33.0,64.0,84.0,82.0,68.0,18.0
Jeffrey Springs,Athletics,7,7,38.2,3.0,2.0,,3.96,1.086,8.1,2.83,1.41,0.233,76.0,76.0,9.0,51.0,66.0,61.0,46.0
Freddy Peralta,New York,7,7,38.1,1.0,3.0,,3.52,1.2,9.9,3.78,0.94,0.263,63.0,63.0,42.0,71.0,42.0,79.0,78.0
Luis Severino,Athletics,7,7,38.1,2.0,2.0,,4.46,1.435,9.4,5.43,0.94,0.304,45.0,45.0,82.0,64.0,14.0,42.0,36.0
Joe Ryan,Minnesota,7,7,38.1,2.0,3.0,,3.76,1.043,9.2,2.13,0.71,0.275,78.0,78.0,23.0,68.0,87.0,43.0,27.0
Dylan Cease,Toronto,7,7,38.1,2.0,1.0,,3.05,1.33,13.1,4.25,0.24,0.36,79.0,79.0,92.0,95.0,34.0,97.0,86.0
Logan Gilbert,Seattle,7,7,38.0,1.0,3.0,,4.03,1.289,9.2,1.89,0.95,0.349,60.0,60.0,66.0,62.0,94.0,75.0,47.0
Bailey Ober,Minnesota,7,7,38.0,3.0,1.0,,3.55,1.132,6.9,3.08,0.95,0.239,57.0,57.0,1.0,27.0,58.0,24.0,49.0
Jacob Misiorowski,Milwaukee,7,7,38.0,2.0,2.0,,2.84,1.0,14.0,3.55,0.95,0.264,82.0,82.0,99.0,99.0,44.0,99.0,84.0
Will Warren,New York,7,7,37.2,4.0,,,2.39,1.062,11.0,1.94,0.97,0.301,71.0,71.0,37.0,90.0,92.0,39.0,55.0
Mike Burrows,Houston,7,7,37.2,1.0,4.0,,5.97,1.646,8.6,3.15,1.94,0.373,56.0,56.0,60.0,44.0,65.0,57.0,59.0
Yoshinobu Yamamoto,Los Angeles,6,6,37.2,2.0,2.0,,2.87,1.009,7.6,2.18,0.97,0.248,54.0,54.0,64.0,48.0,84.0,75.0,43.0
Chase Dollander,Colorado,8,1,37.1,3.0,2.0,,3.38,1.152,10.1,2.91,0.97,0.287,78.0,78.0,98.0,76.0,65.0,76.0,30.0
Grant Holmes,Atlanta,7,7,37.1,2.0,1.0,,4.34,1.313,7.0,4.12,1.46,0.241,43.0,43.0,52.0,25.0,35.0,71.0,50.0
Michael Wacha,Kansas City,6,6,37.1,2.0,2.0,,3.13,1.125,8.0,3.4,0.97,0.253,38.0,38.0,25.0,52.0,46.0,57.0,40.0
Davis Martin,Chicago,6,6,37.0,4.0,1.0,,1.95,1.081,8.0,1.95,0.49,0.303,38.0,38.0,34.0,56.0,88.0,34.0,59.0
Max Meyer,Miami,7,7,37.0,2.0,,,2.68,1.027,9.7,3.16,0.49,0.24,56.0,56.0,52.0,71.0,57.0,77.0,37.0
Nick Martinez,Tampa Bay,6,6,37.0,2.0,1.0,,1.7,1.0,5.8,2.19,0.73,0.227,56.0,56.0,23.0,17.0,84.0,9.0,58.0
Eury P\xc3\xa9rez,Miami,7,7,36.1,2.0,3.0,,4.46,1.376,9.7,3.99,1.5,0.295,27.0,27.0,94.0,64.0,39.0,72.0,7.0
Parker Messick,Cleveland,6,6,36.1,3.0,,,1.73,0.881,9.4,2.49,0.25,0.247,87.0,87.0,30.0,82.0,69.0,52.0,93.0
Clay Holmes,New York,6,6,36.0,3.0,2.0,,1.75,0.972,6.3,2.75,0.75,0.206,54.0,54.0,31.0,24.0,65.0,31.0,78.0
Matthew Liberatore,St. Louis,7,7,36.0,1.0,1.0,,4.5,1.5,5.8,3.25,2.0,0.292,13.0,13.0,49.0,11.0,59.0,10.0,40.0
Connelly Early,Boston,7,7,35.2,2.0,2.0,,3.79,1.318,7.8,4.35,1.28,0.263,20.0,20.0,28.0,40.0,30.0,32.0,7.0
Slade Cecconi,Cleveland,7,7,35.2,1.0,4.0,,6.56,1.57,7.1,3.32,2.05,0.313,17.0,17.0,26.0,23.0,63.0,26.0,18.0
Rhett Lowder,Cincinnati,7,7,35.1,3.0,2.0,,5.09,1.387,6.6,3.59,0.26,0.304,34.0,34.0,23.0,22.0,48.0,15.0,56.0
Tanner Bibee,Cleveland,7,7,35.1,,4.0,,4.08,1.443,8.2,3.59,1.28,0.314,46.0,46.0,44.0,42.0,48.0,63.0,52.0
Edward Cabrera,Chicago,6,6,35.1,3.0,,,3.06,1.189,7.4,3.08,0.77,0.276,59.0,59.0,72.0,37.0,58.0,63.0,18.0
Ranger Suarez,Boston,6,6,35.0,2.0,2.0,,3.09,0.943,7.5,2.31,0.77,0.231,67.0,67.0,7.0,49.0,77.0,17.0,45.0
Jack Kochanowicz,Los Angeles,6,6,35.0,2.0,,,3.09,1.2,6.2,4.63,0.26,0.223,35.0,35.0,73.0,17.0,24.0,34.0,60.0
Andrew Abbott,Cincinnati,7,7,34.2,1.0,2.0,,5.97,1.673,6.2,3.95,1.32,0.333,22.0,22.0,21.0,13.0,46.0,21.0,52.0
MacKenzie Gore,Texas,7,7,34.2,2.0,2.0,,4.67,1.356,11.7,4.74,1.32,0.296,45.0,45.0,67.0,88.0,26.0,53.0,12.0
Simeon Woods Richardson,Minnesota,7,7,34.2,,5.0,,6.49,1.76,4.4,3.68,2.11,0.325,22.0,22.0,22.0,2.0,54.0,5.0,36.0
Jake Irvin,Washington,7,7,34.2,1.0,4.0,,4.93,1.298,10.1,3.95,1.05,0.283,30.0,30.0,21.0,68.0,44.0,55.0,13.0
Jameson Taillon,Chicago,6,6,34.2,2.0,1.0,,4.41,1.154,8.0,3.42,2.37,0.207,48.0,48.0,13.0,49.0,48.0,56.0,13.0
Joey Cantillo,Cleveland,7,7,34.1,1.0,1.0,,3.67,1.398,9.4,4.22,1.32,0.314,46.0,46.0,13.0,65.0,33.0,62.0,32.0
Jes\xc3\xbas Luzardo,Philadelphia,6,6,34.1,2.0,3.0,,5.5,1.282,10.7,2.38,0.79,0.352,75.0,75.0,86.0,83.0,83.0,89.0,74.0
Carmen Mlodzinski,Pittsburgh,7,6,34.0,2.0,2.0,,4.76,1.5,10.6,3.44,0.26,0.381,41.0,41.0,52.0,71.0,57.0,34.0,37.0
Shane Baz,Baltimore,6,6,34.0,1.0,2.0,,4.5,1.5,7.7,2.91,0.79,0.352,49.0,49.0,85.0,31.0,71.0,32.0,61.0
Braxton Ashcraft,Pittsburgh,6,6,34.0,1.0,2.0,,3.71,1.147,10.3,3.18,0.79,0.293,84.0,84.0,82.0,83.0,54.0,84.0,48.0
Michael Lorenzen,Colorado,8,7,34.0,2.0,3.0,,6.09,1.765,6.4,2.38,1.59,0.369,18.0,18.0,34.0,11.0,89.0,26.0,43.0
Chase Burns,Cincinnati,6,6,34.0,3.0,1.0,,2.65,1.118,10.3,3.18,1.32,0.259,72.0,72.0,94.0,84.0,53.0,92.0,36.0
Paul Skenes,Pittsburgh,7,7,34.0,4.0,2.0,,3.18,0.853,10.3,1.85,1.06,0.228,94.0,94.0,90.0,87.0,92.0,49.0,67.0
Kyle Bradish,Baltimore,7,7,34.0,1.0,4.0,,5.03,1.824,9.3,5.56,1.32,0.375,24.0,24.0,50.0,52.0,17.0,47.0,10.0
Kris Bubic,Kansas City,6,6,33.2,2.0,1.0,,3.74,1.188,9.4,4.61,0.81,0.247,40.0,40.0,12.0,69.0,24.0,78.0,36.0
Randy V\xc3\xa1squez,San Diego,6,6,33.2,3.0,,,2.94,1.158,9.1,2.98,0.81,0.287,26.0,26.0,59.0,65.0,62.0,56.0,5.0
Keider Montero,Detroit,6,6,33.2,2.0,2.0,,3.48,1.01,6.7,1.9,0.81,0.245,77.0,77.0,46.0,28.0,92.0,14.0,50.0
Erick Fedde,Chicago,6,4,33.1,,3.0,,3.24,1.05,5.9,2.99,1.36,0.204,73.0,73.0,37.0,18.0,59.0,9.0,47.0
Janson Junk,Miami,6,6,33.0,2.0,2.0,,3.0,1.061,5.7,2.18,0.55,0.25,68.0,68.0,46.0,15.0,85.0,17.0,84.0
Eduardo Rodr\xc3\xadguez,Arizona,6,6,32.2,2.0,,,3.03,1.408,6.1,4.47,1.12,0.257,26.0,26.0,15.0,14.0,31.0,6.0,43.0
Colin Rea,Chicago,7,4,32.2,4.0,1.0,1.0,4.41,1.316,8.3,2.52,0.84,0.316,41.0,41.0,35.0,42.0,82.0,37.0,41.0
Zac Gallen,Arizona,7,7,32.1,1.0,2.0,,4.45,1.515,5.6,2.8,0.56,0.343,22.0,22.0,34.0,10.0,73.0,5.0,40.0
Cole Ragans,Kansas City,7,7,32.1,1.0,4.0,,5.29,1.454,11.4,5.89,2.8,0.242,21.0,21.0,59.0,88.0,8.0,85.0,2.0
Brady Singer,Cincinnati,7,7,32.1,2.0,2.0,,5.57,1.732,5.6,2.52,1.96,0.348,10.0,10.0,6.0,7.0,86.0,18.0,32.0
Noah Cameron,Kansas City,6,6,31.2,2.0,2.0,,5.4,1.611,8.0,3.17,1.44,0.35,8.0,8.0,17.0,32.0,66.0,44.0,9.0
Tomoyuki Sugano,Colorado,6,6,31.2,3.0,1.0,,2.84,1.168,6.0,2.6,1.44,0.24,18.0,18.0,18.0,16.0,76.0,14.0,10.0
Ryne Nelson,Arizona,7,7,31.1,1.0,3.0,,6.61,1.436,8.0,3.76,2.03,0.266,13.0,13.0,77.0,35.0,49.0,40.0,10.0
Aaron Nola,Philadelphia,6,6,31.1,1.0,3.0,,6.03,1.564,10.1,3.76,1.74,0.349,29.0,29.0,12.0,66.0,48.0,63.0,32.0
Lance McCullers Jr.,Houston,6,6,31.1,2.0,2.0,,6.32,1.404,9.5,4.92,1.16,0.299,42.0,42.0,11.0,65.0,22.0,66.0,43.0
Andre Pallante,St. Louis,6,6,31.1,3.0,2.0,,3.73,1.309,7.5,4.05,1.16,0.25,41.0,41.0,57.0,28.0,39.0,51.0,46.0
Steven Matz,Tampa Bay,6,6,31.1,4.0,1.0,,4.31,1.117,7.8,3.18,1.74,0.22,30.0,30.0,28.0,44.0,54.0,39.0,20.0
Jack Leiter,Texas,6,6,31.1,1.0,2.0,,5.17,1.468,9.5,3.47,1.74,0.329,20.0,20.0,82.0,60.0,54.0,76.0,6.0
Jacob deGrom,Texas,6,6,31.1,2.0,1.0,,2.01,0.957,11.5,2.03,1.16,0.264,75.0,75.0,89.0,93.0,88.0,87.0,10.0
Casey Mize,Detroit,6,6,31.0,2.0,2.0,,2.9,1.194,10.2,3.19,0.58,0.304,69.0,69.0,28.0,79.0,55.0,69.0,43.0
Emmet Sheehan,Los Angeles,6,6,31.0,2.0,1.0,,5.23,1.323,10.5,2.61,1.74,0.325,44.0,44.0,44.0,79.0,77.0,89.0,36.0
Yusei Kikuchi,Los Angeles,7,7,31.0,,3.0,,5.81,1.581,9.6,4.06,0.87,0.352,32.0,32.0,67.0,57.0,42.0,54.0,45.0
Michael Soroka,Arizona,6,6,30.2,4.0,1.0,,4.7,1.435,10.6,2.68,0.89,0.381,24.0,24.0,40.0,73.0,79.0,29.0,20.0
Drew Rasmussen,Tampa Bay,6,6,30.2,2.0,1.0,,2.64,0.848,9.4,1.49,1.49,0.2,90.0,90.0,71.0,72.0,96.0,37.0,47.0
Tyler Mahle,San Francisco,6,6,30.2,1.0,4.0,,5.87,1.63,8.5,5.07,1.79,0.325,21.0,21.0,22.0,44.0,23.0,19.0,16.0
Dustin May,St. Louis,6,6,30.2,3.0,2.0,,5.28,1.533,6.5,2.09,0.89,0.385,50.0,50.0,85.0,21.0,90.0,3.0,76.0
Aaron Civale,Athletics,6,6,30.2,2.0,1.0,,3.23,1.304,7.0,2.38,0.89,0.305,37.0,37.0,11.0,26.0,84.0,22.0,56.0
Cade Cavalli,Washington,7,7,30.2,1.0,1.0,,3.82,1.663,11.2,4.17,0.3,0.419,59.0,59.0,76.0,74.0,42.0,55.0,70.0
Trevor Rogers,Baltimore,6,6,30.1,2.0,3.0,,4.75,1.451,8.0,2.99,0.9,0.337,63.0,63.0,23.0,38.0,67.0,61.0,63.0
Adrian Houser,San Francisco,6,6,30.1,,3.0,,7.12,1.714,4.7,2.99,1.79,0.33,11.0,11.0,62.0,3.0,74.0,13.0,29.0
David Peterson,New York,7,5,30.1,,4.0,,6.53,1.714,8.6,4.19,0.6,0.375,33.0,33.0,13.0,37.0,44.0,47.0,82.0
Justin Wrobleski,Los Angeles,5,4,30.0,4.0,,,1.5,0.967,4.5,2.7,0.0,0.213,62.0,62.0,35.0,5.0,66.0,1.0,74.0
Garrett Crochet,Boston,6,6,30.0,3.0,3.0,,6.3,1.467,11.1,3.3,1.5,0.35,29.0,29.0,70.0,75.0,62.0,42.0,27.0
Jacob Lopez,Athletics,7,6,30.0,2.0,2.0,,6.6,1.9,6.9,6.6,1.8,0.309,69.0,69.0,5.0,15.0,9.0,24.0,82.0
Brandon Woodruff,Milwaukee,6,6,30.0,2.0,1.0,,3.6,1.033,7.5,2.1,1.2,0.238,79.0,79.0,18.0,41.0,87.0,34.0,49.0
Shohei Ohtani,Los Angeles,5,5,30.0,2.0,1.0,,0.6,0.867,10.2,2.7,0.0,0.233,94.0,94.0,93.0,85.0,66.0,85.0,91.0
Germ\xc3\xa1n M\xc3\xa1rquez,San Diego,6,6,29.2,3.0,2.0,,5.76,1.449,5.8,3.7,2.47,0.261,17.0,17.0,44.0,11.0,47.0,16.0,29.0
Kyle Harrison,Milwaukee,6,6,29.2,3.0,1.0,,2.12,1.112,10.6,2.77,0.62,0.31,72.0,72.0,56.0,86.0,67.0,63.0,72.0
Kyle Leahy,St. Louis,6,6,29.1,3.0,3.0,,5.52,1.67,6.8,3.4,1.86,0.348,10.0,10.0,35.0,18.0,59.0,19.0,22.0
J.T. Ginn,Athletics,8,5,29.1,,1.0,,4.3,1.261,7.1,4.33,1.24,0.235,60.0,60.0,46.0,28.0,29.0,51.0,56.0
Bubba Chandler,Pittsburgh,6,6,29.0,1.0,3.0,,4.97,1.483,8.4,6.21,1.55,0.234,24.0,24.0,97.0,41.0,7.0,44.0,45.0
Jack Flaherty,Detroit,7,7,29.0,,2.0,,5.9,1.793,9.9,7.76,1.55,0.301,20.0,20.0,19.0,55.0,4.0,49.0,31.0
Shane McClanahan,Tampa Bay,6,6,29.0,3.0,2.0,,3.1,1.172,9.3,4.03,0.31,0.263,56.0,56.0,62.0,65.0,34.0,63.0,29.0
Andrew Painter,Philadelphia,6,5,29.0,1.0,3.0,,5.28,1.586,8.7,2.79,0.93,0.374,51.0,51.0,77.0,42.0,77.0,22.0,63.0
Roki Sasaki,Los Angeles,6,6,28.2,1.0,3.0,,5.97,1.674,8.2,4.79,2.55,0.309,13.0,13.0,86.0,32.0,31.0,72.0,16.0
Zack Littell,Washington,6,5,28.2,,4.0,,7.85,1.744,5.0,3.51,4.15,0.268,2.0,2.0,8.0,4.0,62.0,1.0,5.0
Kumar Rocker,Texas,6,6,28.2,1.0,3.0,,4.71,1.43,7.5,3.19,0.96,0.315,29.0,29.0,52.0,29.0,63.0,37.0,42.0
Luis Castillo,Seattle,6,6,28.1,,2.0,,6.35,1.729,8.3,3.52,1.28,0.378,16.0,16.0,60.0,32.0,59.0,38.0,12.0
Mart\xc3\xadn P\xc3\xa9rez,Atlanta,6,4,28.1,2.0,1.0,,2.22,0.988,6.0,3.2,0.96,0.195,40.0,40.0,4.0,22.0,51.0,17.0,65.0
Chad Patrick,Milwaukee,6,4,28.0,2.0,1.0,,2.57,1.25,5.1,4.18,0.64,0.244,46.0,46.0,46.0,9.0,29.0,31.0,47.0
Chris Paddack,Miami,6,5,28.0,,4.0,,6.11,1.5,8.4,2.25,1.61,0.341,60.0,60.0,26.0,38.0,89.0,44.0,54.0
Brandon Williamson,Cincinnati,6,6,28.0,2.0,3.0,,6.11,1.643,6.1,6.43,1.29,0.268,7.0,7.0,23.0,11.0,7.0,43.0,27.0
Chris Bassitt,Baltimore,6,6,28.0,2.0,2.0,,5.46,1.857,5.5,4.5,0.96,0.357,23.0,23.0,13.0,5.0,38.0,27.0,89.0
Miles Mikolas,Washington,7,4,27.1,,3.0,,8.23,1.72,6.3,3.65,2.66,0.315,22.0,22.0,22.0,12.0,54.0,10.0,15.0
Eric Lauer,Toronto,6,5,27.0,1.0,3.0,,6.0,1.519,6.7,4.33,2.33,0.259,19.0,19.0,5.0,18.0,34.0,15.0,13.0
Brandon Pfaadt,Arizona,6,3,27.0,,1.0,,5.67,1.296,7.0,3.67,1.67,0.25,32.0,32.0,30.0,27.0,45.0,42.0,23.0
Brandon Sproat,Milwaukee,6,4,26.2,,2.0,,6.75,1.613,8.4,5.15,2.4,0.318,22.0,22.0,84.0,47.0,19.0,27.0,25.0
Brayan Bello,Boston,6,6,25.2,1.0,4.0,,9.12,2.26,6.0,5.36,2.86,0.38,2.0,2.0,52.0,6.0,30.0,69.0,7.0
Walker Buehler,San Diego,6,6,25.0,1.0,2.0,,5.4,1.56,8.6,4.32,0.36,0.347,28.0,28.0,40.0,42.0,36.0,29.0,84.0
Anthony Kay,Chicago,6,4,25.0,1.0,1.0,,6.12,1.68,5.4,5.04,1.44,0.286,2.0,2.0,70.0,5.0,28.0,18.0,20.0
Patrick Corbin,Toronto,5,5,24.2,1.0,,,3.65,1.257,7.3,2.6,1.12,0.309,15.0,15.0,11.0,35.0,76.0,23.0,23.0
Ben Brown,Chicago,11,0,24.2,1.0,1.0,1.0,1.82,0.973,8.4,2.6,0.37,0.246,87.0,87.0,80.0,61.0,71.0,51.0,79.0
Jose Quintana,Colorado,5,5,24.1,1.0,2.0,,4.07,1.356,4.4,4.11,1.87,0.227,21.0,21.0,3.0,3.0,36.0,29.0,32.0
Brad Lord,Washington,11,0,23.2,1.0,,,3.8,1.225,6.1,2.33,1.16,0.267,50.0,50.0,50.0,14.0,86.0,22.0,62.0
Reynaldo L\xc3\xb3pez,Atlanta,6,5,23.2,2.0,1.0,,3.42,1.31,8.4,4.27,1.55,0.254,33.0,33.0,40.0,48.0,33.0,18.0,52.0
Spencer Arrighetti,Houston,4,4,23.0,4.0,,,1.96,1.304,9.8,5.48,0.39,0.263,15.0,15.0,21.0,65.0,15.0,73.0,43.0
Sonny Gray,Boston,5,5,23.0,2.0,1.0,,4.3,1.304,5.1,1.96,1.17,0.286,16.0,16.0,18.0,7.0,93.0,11.0,21.0
Jesse Scholtens,Tampa Bay,5,1,22.2,3.0,1.0,,3.18,1.147,6.8,2.43,0.81,0.269,48.0,48.0,22.0,25.0,81.0,16.0,55.0
Taijuan Walker,Philadelphia,5,4,22.2,1.0,4.0,,9.13,2.074,6.8,4.46,3.24,0.359,6.0,6.0,16.0,11.0,45.0,7.0,11.0
Sean Manaea,New York,7,0,22.0,,,,6.55,1.636,9.4,4.09,1.23,0.359,21.0,21.0,2.0,52.0,44.0,27.0,10.0
Tobias Myers,New York,10,1,22.0,,1.0,,2.05,0.864,6.5,1.64,0.82,0.213,89.0,89.0,19.0,31.0,94.0,20.0,88.0
Ryan Weiss,Houston,8,2,21.2,,2.0,,6.65,1.985,10.4,6.79,2.55,0.356,13.0,13.0,60.0,58.0,9.0,46.0,25.0
Yohan Ram\xc3\xadrez,Pittsburgh,15,0,21.2,2.0,1.0,1.0,2.08,1.154,10.0,4.25,0.42,0.269,87.0,87.0,74.0,79.0,29.0,66.0,70.0
Noah Schultz,Chicago,4,4,21.1,2.0,1.0,,2.53,1.031,8.4,5.12,0.43,0.176,71.0,71.0,70.0,58.0,14.0,40.0,84.0
Aaron Ashby,Milwaukee,16,1,21.0,5.0,,,2.57,1.429,14.6,5.57,0.43,0.364,88.0,88.0,88.0,98.0,14.0,97.0,60.0
Kai-Wei Teng,Houston,13,1,21.0,1.0,2.0,,2.57,1.0,8.6,3.0,1.29,0.212,75.0,75.0,50.0,62.0,56.0,24.0,85.0
Ryan Watson,Boston,14,0,20.2,,,,6.1,1.597,6.5,3.56,1.78,0.318,6.0,6.0,35.0,14.0,58.0,34.0,7.0
Kyle Freeland,Colorado,4,4,20.2,1.0,2.0,,3.48,1.113,7.4,2.23,0.89,0.271,48.0,48.0,18.0,34.0,88.0,45.0,86.0
Mick Abel,Minnesota,4,3,20.1,1.0,2.0,,3.98,1.574,10.2,4.48,0.0,0.386,26.0,26.0,57.0,64.0,34.0,73.0,74.0
Kodai Senga,New York,5,5,20.0,,4.0,,9.0,1.95,10.4,5.85,2.25,0.382,33.0,33.0,64.0,59.0,17.0,73.0,31.0
Ryan Feltner,Colorado,5,5,20.0,1.0,1.0,,6.3,1.5,7.7,3.6,2.25,0.293,8.0,8.0,57.0,31.0,49.0,52.0,3.0
Antonio Senzatela,Colorado,9,0,19.2,1.0,,2.0,0.46,0.712,8.7,2.34,0.0,0.191,93.0,93.0,85.0,75.0,74.0,60.0,62.0
Brent Suter,Los Angeles,12,1,19.2,1.0,1.0,,4.12,1.322,8.7,3.75,1.41,0.306,67.0,67.0,1.0,60.0,30.0,56.0,35.0
Luis Gil,New York,4,4,19.1,1.0,2.0,,6.05,1.345,4.2,5.18,2.83,0.161,8.0,8.0,60.0,2.0,21.0,11.0,34.0
Drew Anderson,Detroit,11,0,19.1,1.0,,1.0,5.12,1.293,10.2,4.24,1.41,0.277,50.0,50.0,56.0,72.0,26.0,79.0,32.0
Javier Assad,Chicago,5,3,19.0,2.0,1.0,,7.58,1.474,5.2,2.84,1.42,0.302,20.0,20.0,26.0,7.0,73.0,3.0,67.0
Ron Marinaccio,San Diego,12,0,18.2,1.0,,,5.3,1.5,6.3,2.97,0.99,0.339,46.0,46.0,31.0,17.0,67.0,58.0,77.0
Max Scherzer,Toronto,5,5,18.2,1.0,3.0,,9.64,1.607,4.8,3.96,3.46,0.259,7.0,7.0,26.0,4.0,46.0,2.0,8.0
Hogan Harris,Athletics,19,0,18.2,2.0,,1.0,2.89,1.661,9.2,7.91,0.99,0.26,57.0,57.0,62.0,46.0,2.0,49.0,69.0
Zach Agnos,Colorado,10,0,18.2,,,2.0,6.27,1.661,8.2,4.45,0.99,0.351,35.0,35.0,52.0,36.0,36.0,73.0,31.0
Jovani Mor\xc3\xa1n,Boston,9,0,18.2,,,,2.41,1.071,7.7,4.95,0.99,0.17,84.0,84.0,16.0,42.0,19.0,81.0,65.0
AJ Blubaugh,Houston,13,0,18.1,2.0,2.0,,5.89,1.473,7.4,5.47,1.49,0.25,42.0,42.0,72.0,27.0,17.0,69.0,25.0
Tyler Phillips,Miami,10,0,18.1,,,2.0,1.47,1.364,9.3,5.97,0.5,0.255,47.0,47.0,77.0,60.0,11.0,86.0,29.0
Gordon Graceffo,St. Louis,14,0,18.1,2.0,,1.0,0.98,0.818,4.9,3.48,0.0,0.167,28.0,28.0,67.0,12.0,38.0,8.0,63.0
Tyler Wells,Baltimore,14,0,18.1,,1.0,,3.44,1.2,8.8,1.99,0.99,0.32,66.0,66.0,31.0,59.0,92.0,81.0,70.0
Ryan Zeferjahn,Los Angeles,12,0,18.1,2.0,1.0,,4.91,1.091,10.8,4.48,0.0,0.256,97.0,97.0,80.0,85.0,36.0,83.0,93.0
Tim Mayza,Philadelphia,15,1,18.0,,1.0,,3.5,1.056,9.0,3.5,1.0,0.213,82.0,82.0,46.0,61.0,48.0,37.0,82.0
Sean Newcomb,Chicago,14,0,18.0,,,,4.0,1.556,8.5,4.0,0.0,0.37,65.0,65.0,28.0,44.0,41.0,25.0,85.0
Matthew Boyd,Chicago,4,4,18.0,1.0,1.0,,7.0,1.444,13.0,2.5,0.5,0.435,48.0,48.0,23.0,94.0,81.0,92.0,27.0
Connor Phillips,Cincinnati,17,0,17.2,1.0,,1.0,3.06,1.585,9.7,9.94,0.52,0.2,18.0,18.0,94.0,57.0,1.0,79.0,54.0
Matt Svanson,St. Louis,16,0,17.2,,1.0,,9.68,2.038,8.2,6.28,2.09,0.364,3.0,3.0,76.0,26.0,16.0,9.0,59.0
Cole Sulser,Tampa Bay,13,1,17.2,1.0,,1.0,3.06,1.528,7.1,4.19,0.52,0.327,31.0,31.0,15.0,25.0,39.0,33.0,15.0
Braydon Fisher,Toronto,16,1,17.2,2.0,,,1.53,1.019,8.7,3.14,0.52,0.275,63.0,63.0,,72.0,48.0,77.0,32.0
Jacob Latz,Texas,14,1,17.2,,1.0,3.0,1.02,0.453,7.6,1.57,0.52,0.093,99.0,99.0,37.0,62.0,94.0,61.0,59.0
Yoendrys G\xc3\xb3mez,Tampa Bay,9,0,17.1,,,1.0,6.23,1.673,6.8,5.26,2.63,0.269,3.0,3.0,52.0,16.0,24.0,20.0,8.0
Louis Varland,Toronto,16,0,17.0,1.0,1.0,4.0,0.53,1.059,14.8,2.65,0.0,0.406,99.0,99.0,94.0,100.0,65.0,89.0,95.0
Sam Bachman,Los Angeles,12,0,17.0,,,,3.18,1.176,9.5,5.29,0.53,0.231,82.0,82.0,97.0,73.0,12.0,96.0,52.0
Shaun Anderson,Los Angeles,9,0,16.2,1.0,,,5.94,1.5,6.5,4.44,1.67,0.292,15.0,15.0,31.0,18.0,33.0,47.0,51.0
Grant Taylor,Chicago,13,4,16.2,1.0,,,2.7,1.38,13.5,3.33,0.0,0.405,89.0,89.0,97.0,96.0,59.0,62.0,56.0
Justin Sterner,Athletics,15,0,16.2,1.0,3.0,,4.86,1.56,10.3,3.33,1.67,0.362,81.0,81.0,26.0,66.0,63.0,68.0,51.0
Isaac Mattson,Pittsburgh,17,0,16.2,,,,3.78,1.44,6.5,5.0,0.0,0.294,8.0,8.0,37.0,20.0,23.0,13.0,18.0
Spencer Miles,Toronto,10,0,16.2,1.0,,,2.7,1.08,8.1,2.78,1.11,0.239,56.0,56.0,77.0,50.0,69.0,29.0,63.0
Jos\xc3\xa9 Suarez,Atlanta,8,1,16.1,,1.0,1.0,6.61,2.082,11.6,6.71,0.0,0.478,54.0,54.0,28.0,74.0,8.0,66.0,94.0
Grant Anderson,Milwaukee,17,0,16.1,1.0,1.0,,3.31,1.041,8.3,3.35,1.12,0.231,67.0,67.0,25.0,62.0,44.0,27.0,32.0
Cade Povich,Baltimore,3,2,16.1,1.0,1.0,,4.41,1.286,6.1,2.8,1.68,0.265,27.0,27.0,16.0,17.0,69.0,68.0,35.0
Walbert Ure\xc3\xb1a,Los Angeles,5,3,16.1,,3.0,,3.86,1.837,9.4,7.27,0.56,0.333,69.0,69.0,95.0,46.0,5.0,44.0,65.0
Osvaldo Bido,"Atlanta,Chicago",10,0,16.1,2.0,,1.0,7.16,1.531,6.1,5.59,1.68,0.261,11.0,11.0,56.0,14.0,15.0,29.0,30.0
Riley O\'Brien,St. Louis,16,0,16.1,3.0,1.0,9.0,2.2,0.98,10.5,0.56,0.0,0.349,95.0,95.0,96.0,86.0,100.0,61.0,93.0
Tyler Rogers,Toronto,16,0,16.1,1.0,1.0,,0.55,0.735,5.5,2.24,0.0,0.17,100.0,100.0,1.0,16.0,80.0,3.0,95.0
Kyle Hart,San Diego,11,0,16.1,,1.0,,5.51,1.102,5.0,3.35,0.0,0.245,60.0,60.0,25.0,8.0,51.0,6.0,82.0
Taylor Clarke,Arizona,16,0,16.1,1.0,1.0,,2.76,0.796,4.4,1.12,0.56,0.204,86.0,86.0,60.0,6.0,99.0,12.0,68.0
Cionel P\xc3\xa9rez,Washington,16,0,16.0,2.0,3.0,,6.19,1.688,5.1,6.19,1.12,0.275,1.0,1.0,73.0,5.0,9.0,14.0,5.0
Adri\xc3\xa1n Morej\xc3\xb3n,San Diego,14,0,16.0,2.0,1.0,1.0,5.63,1.438,9.6,2.81,0.56,0.354,72.0,72.0,99.0,60.0,74.0,92.0,95.0
Justin Bruihl,St. Louis,17,0,16.0,,,,5.63,1.5,3.9,6.19,0.56,0.235,8.0,8.0,5.0,1.0,9.0,7.0,69.0
Graham Ashcraft,Cincinnati,16,0,16.0,1.0,,1.0,1.13,1.25,9.6,5.06,0.0,0.297,74.0,74.0,,77.0,13.0,82.0,72.0
Lake Bachar,Miami,9,0,16.0,,,,2.81,0.938,10.7,3.94,1.12,0.176,92.0,92.0,56.0,89.0,32.0,98.0,72.0
Nick Pivetta,San Diego,4,4,16.0,1.0,2.0,,4.5,1.125,13.5,3.38,0.0,0.333,98.0,98.0,44.0,97.0,49.0,56.0,90.0
JT Brubaker,San Francisco,11,0,16.0,,,,2.25,1.438,6.8,5.06,0.56,0.289,15.0,15.0,37.0,25.0,17.0,52.0,61.0
JoJo Romero,St. Louis,16,0,16.0,,1.0,,3.94,1.25,7.3,3.38,1.69,0.256,13.0,13.0,43.0,32.0,51.0,12.0,45.0
Gregory Soto,Pittsburgh,16,0,15.2,2.0,,1.0,1.72,0.766,12.1,3.55,0.59,0.167,97.0,97.0,74.0,97.0,39.0,69.0,88.0
Albert Su\xc3\xa1rez,Baltimore,6,0,15.2,1.0,,1.0,3.45,1.277,5.2,5.33,1.78,0.178,27.0,27.0,31.0,8.0,16.0,27.0,46.0
Kyle Finnegan,Detroit,15,0,15.2,1.0,,1.0,0.57,1.213,6.9,5.92,0.59,0.205,80.0,80.0,78.0,32.0,6.0,52.0,77.0
Jose A. Ferrer,Seattle,17,0,15.2,,1.0,1.0,2.3,1.596,6.9,1.78,0.0,0.407,90.0,90.0,88.0,18.0,96.0,40.0,95.0
Juan Morillo,Arizona,16,0,15.2,1.0,1.0,1.0,2.3,0.83,10.9,2.37,0.59,0.216,99.0,99.0,98.0,91.0,79.0,91.0,74.0
Dylan Lee,Atlanta,16,0,15.2,1.0,,,1.15,0.511,10.3,1.18,0.0,0.171,97.0,97.0,27.0,94.0,98.0,98.0,70.0
Huascar Brazob\xc3\xa1n,New York,14,0,15.2,2.0,,,1.15,0.894,7.5,1.78,0.59,0.238,85.0,85.0,72.0,49.0,93.0,65.0,93.0
Scott Barlow,Athletics,15,0,15.2,,,,4.02,0.957,7.5,4.74,1.18,0.132,57.0,57.0,2.0,36.0,24.0,97.0,77.0
Joe Boyle,Tampa Bay,3,3,15.2,,1.0,,5.17,1.085,9.2,3.55,0.59,0.238,43.0,43.0,89.0,62.0,49.0,58.0,79.0
Cooper Criswell,Seattle,12,0,15.1,1.0,1.0,1.0,2.35,0.913,8.2,1.79,1.79,0.229,51.0,51.0,6.0,66.0,90.0,60.0,27.0
Bradgley Rodriguez,San Diego,13,0,15.1,,1.0,,1.76,1.174,7.0,2.98,0.0,0.289,95.0,95.0,92.0,29.0,63.0,86.0,94.0
Peter Lambert,Houston,3,3,15.1,1.0,2.0,,3.52,1.239,11.2,4.17,0.0,0.316,81.0,81.0,59.0,85.0,35.0,92.0,74.0
PJ Poulin,Washington,16,4,15.1,2.0,,,4.11,1.37,5.9,4.77,1.79,0.227,10.0,10.0,2.0,13.0,25.0,5.0,27.0
Mason Miller,San Diego,15,0,15.1,1.0,,10.0,1.17,0.587,17.0,1.79,0.0,0.273,100.0,100.0,100.0,100.0,88.0,100.0,95.0
Tyler Alexander,Texas,14,0,15.1,1.0,,2.0,0.59,1.174,7.0,1.79,0.0,0.326,90.0,90.0,6.0,28.0,82.0,1.0,95.0
Anthony Nunez,Baltimore,15,0,15.1,1.0,,1.0,4.11,1.239,10.6,2.98,1.19,0.293,67.0,67.0,74.0,76.0,67.0,91.0,59.0
Juan Mejia,Colorado,13,1,15.1,,3.0,1.0,5.87,1.826,10.0,4.17,1.19,0.422,44.0,44.0,92.0,58.0,44.0,73.0,81.0
Brent Headrick,New York,17,0,15.1,1.0,,,1.76,1.435,9.4,3.58,0.0,0.372,65.0,65.0,37.0,58.0,53.0,85.0,81.0
Brock Burke,Cincinnati,16,0,15.1,1.0,1.0,1.0,3.52,1.5,11.2,4.17,0.0,0.381,39.0,39.0,66.0,80.0,39.0,89.0,17.0
Wandy Peralta,San Diego,14,0,15.1,,,,3.52,1.37,7.6,2.98,1.79,0.302,43.0,43.0,70.0,36.0,65.0,56.0,61.0
Cade Smith,Cleveland,15,0,15.1,2.0,,8.0,3.52,1.304,10.6,2.38,0.6,0.357,64.0,64.0,80.0,80.0,83.0,80.0,19.0
Jakob Junis,Texas,14,0,15.1,,,3.0,1.76,0.717,3.5,2.38,0.0,0.152,66.0,66.0,15.0,2.0,76.0,1.0,94.0
Matt Festa,Cleveland,14,0,15.1,1.0,,1.0,4.7,1.109,8.2,1.79,1.19,0.267,82.0,82.0,12.0,46.0,95.0,66.0,62.0
Hoby Milner,Chicago,15,0,15.0,,,1.0,2.4,0.933,3.0,2.4,1.2,0.178,27.0,27.0,1.0,1.0,76.0,1.0,62.0
Bryan Hudson,Chicago,16,2,15.0,,,1.0,1.2,1.333,10.8,4.8,0.0,0.343,77.0,77.0,9.0,82.0,23.0,47.0,95.0
Kevin Ginkel,Arizona,15,0,15.0,1.0,1.0,,3.6,1.133,10.8,2.4,0.6,0.308,86.0,86.0,49.0,86.0,80.0,76.0,52.0
Eduard Bazardo,Seattle,16,0,15.0,2.0,1.0,,1.2,1.0,6.6,3.0,0.0,0.238,80.0,80.0,50.0,29.0,55.0,10.0,56.0
Justin Lawrence,Pittsburgh,15,0,15.0,,1.0,,4.8,1.133,9.6,3.0,1.8,0.237,19.0,19.0,64.0,66.0,64.0,59.0,16.0
Dennis Santana,Pittsburgh,15,0,14.2,2.0,2.0,2.0,3.07,1.159,6.1,5.07,1.27,0.175,26.0,26.0,37.0,18.0,19.0,40.0,17.0
Jake Woodford,Milwaukee,9,0,14.2,1.0,,1.0,4.3,1.432,6.8,1.27,0.63,0.353,18.0,18.0,35.0,21.0,99.0,25.0,51.0
Sam Moll,Cincinnati,15,0,14.2,1.0,1.0,,1.84,1.091,8.6,5.7,0.63,0.171,57.0,57.0,7.0,51.0,13.0,37.0,90.0
Jalen Beeks,Texas,15,0,14.2,1.0,1.0,,1.84,0.955,8.6,1.9,1.27,0.243,75.0,75.0,31.0,64.0,92.0,55.0,52.0
Jonathan Loaisiga,Arizona,16,0,14.2,,1.0,1.0,3.68,1.227,7.4,1.9,0.63,0.318,66.0,66.0,90.0,36.0,94.0,54.0,80.0
George Soriano,St. Louis,15,0,14.2,1.0,,1.0,3.68,1.091,7.4,5.07,0.63,0.175,42.0,42.0,80.0,32.0,21.0,66.0,32.0
Brandon Young,Baltimore,3,3,14.2,2.0,1.0,,6.14,1.636,5.5,3.17,1.9,0.314,13.0,13.0,40.0,7.0,69.0,13.0,36.0
Brant Hurter,Detroit,13,0,14.2,3.0,,,1.84,0.75,6.1,1.9,0.63,0.171,64.0,64.0,19.0,25.0,90.0,5.0,56.0
Erik Sabrowski,Cleveland,17,0,14.2,1.0,1.0,,2.45,0.886,14.7,3.8,0.63,0.231,89.0,89.0,49.0,99.0,36.0,95.0,23.0
Merrill Kelly,Arizona,3,3,14.2,1.0,2.0,,9.2,2.25,5.5,7.61,3.17,0.34,1.0,1.0,17.0,5.0,6.0,71.0,1.0
Ian Seymour,Tampa Bay,13,0,14.1,,,,6.28,1.465,10.7,3.83,0.64,0.378,37.0,37.0,6.0,77.0,46.0,85.0,4.0
DL Hall,Milwaukee,13,1,14.1,,,,1.88,1.395,10.7,7.02,0.64,0.258,43.0,43.0,44.0,81.0,3.0,69.0,13.0
Jack Dreyer,Los Angeles,14,0,14.1,1.0,1.0,,3.14,1.047,10.7,3.19,0.64,0.281,79.0,79.0,28.0,88.0,53.0,69.0,41.0
Justin Topa,Minnesota,18,0,14.1,,1.0,1.0,3.77,1.465,5.7,3.83,1.28,0.295,30.0,30.0,31.0,11.0,42.0,1.0,42.0
Jordan Leasure,Chicago,14,1,14.1,2.0,1.0,,6.91,1.395,8.8,5.11,3.19,0.2,2.0,2.0,71.0,54.0,21.0,62.0,1.0
Lucas Erceg,Kansas City,15,0,14.1,2.0,1.0,9.0,3.77,1.395,8.2,6.38,0.0,0.286,62.0,62.0,89.0,53.0,5.0,18.0,70.0
Eric Orze,Minnesota,13,0,14.1,,1.0,1.0,5.02,1.395,8.2,4.47,0.0,0.317,85.0,85.0,16.0,44.0,28.0,38.0,95.0
Griffin Jax,Tampa Bay,13,2,14.0,1.0,2.0,,5.14,1.5,9.0,5.79,1.93,0.265,12.0,12.0,78.0,54.0,13.0,87.0,11.0
Caleb Kilian,San Francisco,13,0,14.0,1.0,,,0.64,0.857,10.3,4.5,0.64,0.138,92.0,92.0,84.0,87.0,19.0,83.0,86.0
Kevin Kelly,Tampa Bay,13,0,14.0,2.0,1.0,2.0,3.86,0.786,7.7,2.57,0.64,0.171,51.0,51.0,10.0,54.0,67.0,49.0,23.0
Ryne Stanek,St. Louis,16,0,14.0,1.0,,1.0,7.71,2.214,12.2,8.36,0.64,0.436,40.0,40.0,94.0,71.0,3.0,95.0,52.0
Tommy Nance,Toronto,14,0,14.0,,2.0,,5.14,1.286,10.9,3.86,0.64,0.314,76.0,76.0,56.0,83.0,41.0,42.0,72.0
Tyler Kinley,Atlanta,15,0,14.0,3.0,1.0,,1.29,1.143,9.0,4.5,0.0,0.25,92.0,92.0,,61.0,25.0,58.0,95.0
Anthony Banda,Minnesota,16,0,14.0,1.0,,,9.0,1.5,8.4,3.21,1.29,0.333,45.0,45.0,34.0,32.0,67.0,43.0,40.0
Connor Prielipp,Minnesota,3,3,14.0,1.0,,,3.86,0.929,9.6,3.21,1.29,0.182,69.0,69.0,62.0,75.0,51.0,45.0,6.0
Tanner Gordon,Colorado,4,0,14.0,,,,6.43,1.429,10.9,2.57,3.21,0.333,31.0,31.0,31.0,81.0,79.0,85.0,1.0
Steven Okert,Houston,16,0,14.0,,,,4.5,1.214,5.8,3.86,1.29,0.231,55.0,55.0,5.0,15.0,36.0,32.0,56.0
John King,Miami,15,0,13.2,1.0,,,0.66,0.512,8.6,3.41,0.68,0.034,95.0,95.0,8.0,71.0,41.0,81.0,60.0
Jeff Hoffman,Toronto,15,0,13.2,1.0,2.0,3.0,6.59,1.902,18.4,4.77,1.36,0.548,74.0,74.0,80.0,99.0,41.0,99.0,38.0
Cole Winn,Texas,15,0,13.2,2.0,1.0,1.0,5.27,1.317,10.5,4.09,2.05,0.257,60.0,60.0,57.0,75.0,41.0,80.0,74.0
Richard Lovelady,"New York,Washington",12,0,13.2,2.0,1.0,,2.63,1.683,7.9,6.14,0.68,0.333,59.0,59.0,12.0,32.0,13.0,49.0,77.0
Tony Santillan,Cincinnati,14,0,13.2,1.0,,1.0,1.98,1.098,9.9,4.77,1.36,0.207,68.0,68.0,43.0,83.0,19.0,60.0,61.0
Brad Keller,Philadelphia,14,0,13.2,1.0,,1.0,4.61,1.024,9.9,2.73,1.36,0.242,86.0,86.0,86.0,79.0,71.0,52.0,70.0
Matt Waldron,San Diego,3,3,13.2,,1.0,,9.88,1.976,5.3,3.41,2.05,0.38,35.0,35.0,12.0,3.0,72.0,3.0,54.0
Casey Legumina,"Seattle,Tampa Bay",10,0,13.2,,1.0,,3.95,1.463,6.6,2.73,0.0,0.372,28.0,28.0,30.0,18.0,79.0,15.0,38.0
Bryan King,Houston,12,0,13.2,,1.0,2.0,3.29,1.317,8.6,3.41,0.0,0.333,73.0,73.0,13.0,47.0,58.0,17.0,95.0
Robert Suarez,Atlanta,14,0,13.2,2.0,,4.0,0.66,0.878,9.2,1.36,0.0,0.278,94.0,94.0,98.0,76.0,97.0,60.0,95.0
Rico Garcia,Baltimore,15,0,13.2,2.0,,1.0,0.66,0.366,9.9,2.73,0.68,0.0,98.0,98.0,67.0,93.0,54.0,98.0,85.0
Jordan Hicks,Chicago,15,0,13.2,,1.0,1.0,3.95,2.049,5.3,8.18,0.0,0.348,65.0,65.0,96.0,4.0,2.0,2.0,95.0
Alex Lange,Kansas City,12,0,13.2,,2.0,,6.59,1.683,12.5,6.82,1.36,0.344,24.0,24.0,64.0,88.0,7.0,94.0,1.0
Seranthony Dom\xc3\xadnguez,Chicago,15,0,13.2,2.0,3.0,8.0,3.95,1.244,11.2,6.14,2.05,0.172,17.0,17.0,90.0,83.0,11.0,80.0,13.0
Jack Perkins,Athletics,8,0,13.1,2.0,,3.0,2.7,1.05,11.5,2.06,0.0,0.333,71.0,71.0,74.0,90.0,89.0,89.0,65.0
Brennan Bernardino,Colorado,15,2,13.1,2.0,1.0,,2.03,1.2,8.1,2.06,0.69,0.324,78.0,78.0,3.0,51.0,88.0,40.0,74.0
Mason Montgomery,Pittsburgh,14,2,13.1,1.0,,,3.38,1.35,14.9,4.81,0.69,0.357,69.0,69.0,97.0,98.0,25.0,93.0,29.0
David Morgan,San Diego,11,0,13.1,2.0,,,6.08,2.1,10.1,7.56,1.37,0.405,63.0,63.0,86.0,50.0,6.0,73.0,92.0
Tanner Scott,Los Angeles,15,0,13.1,,1.0,1.0,2.03,0.75,8.8,1.37,1.37,0.188,53.0,53.0,78.0,73.0,96.0,90.0,41.0
Emilio Pag\xc3\xa1n,Cincinnati,13,0,13.1,2.0,,6.0,5.4,1.35,6.8,4.12,1.37,0.256,47.0,47.0,49.0,23.0,39.0,47.0,32.0
Matt Gage,San Francisco,15,0,13.1,2.0,1.0,,1.35,1.125,5.4,5.5,0.69,0.171,51.0,51.0,19.0,13.0,9.0,40.0,72.0
Kody Funderburk,Minnesota,15,0,13.0,1.0,1.0,1.0,2.08,1.385,5.5,6.92,0.69,0.194,10.0,10.0,18.0,9.0,4.0,2.0,72.0
Enyel De Los Santos,Houston,12,0,13.0,,1.0,3.0,5.54,1.385,7.6,2.77,0.69,0.317,77.0,77.0,57.0,31.0,74.0,66.0,78.0
Mark Leiter Jr.,Athletics,15,0,13.0,,1.0,3.0,6.23,1.769,9.7,3.46,1.38,0.4,18.0,18.0,19.0,54.0,61.0,75.0,56.0
Anthony Bender,Miami,15,0,13.0,1.0,,1.0,4.85,1.462,11.1,5.54,0.0,0.324,81.0,81.0,78.0,75.0,18.0,6.0,89.0
Paul Blackburn,New York,8,0,13.0,1.0,1.0,,3.46,1.385,6.2,2.77,0.0,0.326,59.0,59.0,44.0,16.0,73.0,8.0,79.0
Andr\xc3\xa9s Mu\xc3\xb1oz,Seattle,14,0,13.0,3.0,2.0,6.0,5.54,1.385,14.5,4.15,1.38,0.357,29.0,29.0,96.0,98.0,36.0,99.0,9.0
Luke Weaver,New York,13,0,13.0,2.0,1.0,,5.54,1.077,6.9,2.77,1.38,0.222,39.0,39.0,50.0,29.0,67.0,51.0,11.0
Tyler Holton,Detroit,13,0,13.0,,1.0,,5.54,1.923,6.2,5.54,1.38,0.357,10.0,10.0,7.0,10.0,21.0,15.0,59.0
Tim Hill,New York,14,0,13.0,,,,1.38,0.615,2.8,1.38,0.69,0.135,85.0,85.0,1.0,1.0,95.0,4.0,92.0
Pierce Johnson,Cincinnati,15,0,13.0,1.0,1.0,,4.15,1.462,9.0,2.77,1.38,0.351,3.0,3.0,56.0,55.0,74.0,33.0,5.0
Jimmy Herget,Colorado,12,3,13.0,,1.0,1.0,2.77,1.077,9.7,1.38,0.69,0.324,38.0,38.0,12.0,73.0,97.0,77.0,2.0
Will Klein,Los Angeles,9,0,13.0,1.0,2.0,,2.77,1.385,10.4,2.77,0.0,0.389,95.0,95.0,93.0,79.0,71.0,18.0,90.0
Peyton Pallette,Cleveland,9,0,12.2,1.0,1.0,,3.55,1.263,9.2,5.16,0.74,0.25,24.0,24.0,66.0,58.0,22.0,78.0,38.0
Matt Strahm,Kansas City,13,0,12.2,1.0,,,3.55,1.263,9.9,4.43,1.48,0.25,93.0,93.0,8.0,69.0,33.0,43.0,89.0
Jacob Webb,Chicago,14,0,12.2,,1.0,1.0,4.26,1.816,10.7,5.16,2.21,0.382,7.0,7.0,31.0,69.0,26.0,84.0,25.0
Luis Medina,Athletics,9,0,12.2,1.0,1.0,,2.13,1.263,7.8,5.16,0.74,0.235,17.0,17.0,89.0,39.0,19.0,63.0,6.0
Connor Brogdon,Cleveland,13,0,12.2,2.0,2.0,1.0,4.97,1.026,8.5,1.48,2.21,0.235,49.0,49.0,50.0,51.0,98.0,69.0,13.0
Ryan Walker,San Francisco,13,0,12.2,,1.0,3.0,4.26,1.5,9.2,4.43,0.74,0.333,79.0,79.0,67.0,57.0,34.0,11.0,72.0
Keaton Winn,San Francisco,13,0,12.2,,1.0,,2.84,0.868,9.2,3.69,0.0,0.207,99.0,99.0,77.0,78.0,38.0,82.0,86.0
David Bednar,New York,13,0,12.2,1.0,2.0,9.0,3.55,1.658,9.9,3.69,0.0,0.39,84.0,84.0,67.0,56.0,59.0,45.0,95.0
Angel Zerpa,Milwaukee,12,0,12.2,,2.0,2.0,6.39,1.737,5.7,4.43,1.48,0.368,5.0,5.0,70.0,10.0,33.0,9.0,54.0
Ryan Thompson,Arizona,17,0,12.2,2.0,,,3.55,1.184,5.0,4.43,1.48,0.194,47.0,47.0,2.0,8.0,28.0,12.0,50.0
Mason Englert,Tampa Bay,9,1,12.2,,1.0,1.0,7.11,1.816,7.1,2.95,2.95,0.357,1.0,1.0,18.0,20.0,78.0,24.0,1.0
Gus Varland,Washington,13,0,12.2,,,3.0,2.84,1.342,9.9,2.21,0.74,0.361,35.0,35.0,64.0,69.0,89.0,71.0,3.0
Victor Vodnik,Colorado,12,0,12.2,,2.0,4.0,7.82,2.053,7.8,5.16,1.48,0.405,30.0,30.0,97.0,24.0,32.0,58.0,38.0
Daniel Lynch IV,Kansas City,12,0,12.1,1.0,,,2.19,0.649,10.9,2.23,0.74,0.148,90.0,90.0,42.0,92.0,81.0,96.0,25.0
Bryan Baker,Tampa Bay,13,0,12.1,1.0,,8.0,2.92,0.973,10.2,2.23,0.74,0.258,97.0,97.0,84.0,85.0,84.0,96.0,88.0
JR Ritchie,Atlanta,2,2,12.1,1.0,,,2.92,1.297,8.0,4.46,2.23,0.226,32.0,32.0,46.0,46.0,27.0,16.0,41.0
Abner Uribe,Milwaukee,14,0,12.1,1.0,1.0,3.0,3.65,1.054,10.2,2.23,0.74,0.281,74.0,74.0,93.0,82.0,85.0,25.0,65.0
Michael Petersen,Miami,11,0,12.1,1.0,1.0,1.0,3.65,1.135,9.5,3.72,0.74,0.25,54.0,54.0,86.0,69.0,42.0,49.0,4.0
Tanner Banks,Philadelphia,13,0,12.1,,2.0,,6.57,2.432,10.9,5.95,0.74,0.5,33.0,33.0,12.0,55.0,25.0,31.0,93.0
Greg Weissert,Boston,14,0,12.1,,1.0,,5.11,1.459,12.4,2.98,2.98,0.333,63.0,63.0,40.0,90.0,73.0,46.0,41.0
Gabe Speier,Seattle,15,0,12.1,,2.0,1.0,2.92,1.541,8.8,3.72,0.74,0.361,36.0,36.0,50.0,45.0,51.0,40.0,27.0
Cole Wilcox,Seattle,10,0,12.1,,,,5.84,2.189,10.9,7.44,0.74,0.432,5.0,5.0,80.0,57.0,7.0,84.0,10.0
Jaden Hill,Colorado,14,0,12.0,,1.0,,4.5,1.833,9.8,6.75,0.75,0.343,40.0,40.0,90.0,49.0,8.0,73.0,90.0
Mason Fluharty,Toronto,17,1,12.0,1.0,,,6.75,1.583,12.0,5.25,0.75,0.379,95.0,95.0,,87.0,19.0,89.0,34.0
Garrett Whitlock,Boston,12,0,12.0,2.0,1.0,,3.0,1.25,9.8,3.75,1.5,0.258,24.0,24.0,50.0,69.0,42.0,36.0,16.0
Trevor Megill,Milwaukee,13,0,12.0,,2.0,4.0,6.0,1.25,9.8,3.75,0.0,0.313,57.0,57.0,91.0,63.0,47.0,89.0,41.0
Andrew Nardi,Miami,14,0,12.0,2.0,1.0,,6.0,1.75,10.5,6.75,1.5,0.345,11.0,11.0,52.0,69.0,5.0,87.0,13.0
Camilo Doval,New York,14,0,12.0,1.0,,,6.75,1.083,10.5,2.25,2.25,0.226,79.0,79.0,82.0,80.0,86.0,90.0,68.0
Blade Tidwell,San Francisco,8,0,12.0,,,1.0,3.0,1.083,7.5,2.25,0.75,0.281,69.0,69.0,74.0,44.0,81.0,84.0,65.0
Nick Mears,Kansas City,13,0,11.2,2.0,1.0,,2.31,1.114,6.9,5.62,0.0,0.2,15.0,15.0,52.0,30.0,11.0,27.0,2.0
Joe Mantiply,Toronto,11,0,11.2,1.0,,,3.09,1.286,12.3,2.41,0.8,0.407,65.0,65.0,1.0,92.0,85.0,22.0,31.0
Hunter Barco,Pittsburgh,5,0,11.2,,1.0,,7.71,1.971,6.2,7.23,2.41,0.289,7.0,7.0,44.0,8.0,11.0,4.0,54.0
Drew Pomeranz,Los Angeles,13,0,11.2,,3.0,,9.26,1.886,6.9,5.62,3.21,0.314,6.0,6.0,25.0,15.0,24.0,21.0,13.0
Zack Kelly,Boston,11,0,11.2,,1.0,,3.09,0.943,7.7,1.61,0.8,0.242,28.0,28.0,74.0,47.0,96.0,36.0,18.0
Andrew Hoffmann,Arizona,8,0,11.2,1.0,,,7.71,2.057,9.3,6.43,2.41,0.382,35.0,35.0,52.0,38.0,16.0,13.0,48.0
Brooks Raley,New York,13,0,11.2,,1.0,,1.54,0.857,10.8,3.21,0.8,0.2,73.0,73.0,,91.0,51.0,53.0,23.0
Joel Kuhnel,Athletics,11,0,11.2,,1.0,4.0,2.31,1.114,3.9,2.41,0.0,0.27,34.0,34.0,50.0,3.0,78.0,33.0,95.0
Fernando Cruz,New York,15,0,11.2,2.0,,,3.09,1.543,14.7,7.23,1.61,0.318,37.0,37.0,28.0,97.0,5.0,100.0,13.0
Alex Vesia,Los Angeles,14,0,11.2,,,2.0,1.54,0.857,11.6,4.82,0.0,0.167,87.0,87.0,7.0,94.0,18.0,95.0,81.0
Will Vest,Detroit,13,0,11.2,1.0,3.0,,6.17,1.457,10.0,4.82,0.8,0.313,73.0,73.0,64.0,66.0,28.0,79.0,65.0
Shane Drohan,Milwaukee,4,1,11.2,1.0,1.0,,3.86,1.457,6.9,4.02,0.0,0.308,66.0,66.0,43.0,22.0,47.0,35.0,76.0
Cole Sands,Minnesota,12,0,11.2,1.0,1.0,1.0,4.63,1.371,8.5,3.21,1.61,0.313,45.0,45.0,26.0,49.0,62.0,45.0,43.0
Jose Franco,Cincinnati,6,0,11.2,,,,5.4,1.886,8.5,6.43,1.61,0.364,12.0,12.0,62.0,39.0,12.0,10.0,20.0
John Schreiber,Kansas City,13,0,11.2,,2.0,1.0,4.63,1.543,3.9,5.62,1.61,0.25,22.0,22.0,19.0,1.0,16.0,1.0,76.0
Orion Kerkering,Philadelphia,12,0,11.2,,,,2.31,1.286,6.9,4.82,0.8,0.242,96.0,96.0,82.0,24.0,27.0,21.0,70.0
Mitchell Parker,Washington,5,0,11.1,2.0,,,4.76,1.324,7.9,3.24,0.81,0.323,39.0,39.0,,39.0,59.0,92.0,68.0
Evan Sisk,Pittsburgh,9,0,11.1,,,,2.38,1.235,12.7,3.24,0.0,0.385,91.0,91.0,4.0,94.0,59.0,66.0,95.0
Chase Silseth,Los Angeles,16,0,11.1,,,,3.18,1.853,7.9,8.11,0.81,0.313,37.0,37.0,74.0,27.0,2.0,94.0,68.0
Andrew Morris,Minnesota,5,0,11.1,,1.0,,6.35,1.676,7.9,2.43,0.81,0.405,53.0,53.0,66.0,31.0,87.0,37.0,92.0
Erik Miller,San Francisco,12,0,11.1,,,2.0,3.18,1.235,13.5,4.86,0.0,0.32,96.0,96.0,88.0,96.0,23.0,88.0,82.0
Taylor Rogers,Minnesota,14,0,11.1,,1.0,,5.56,1.765,5.6,4.86,0.0,0.368,7.0,7.0,6.0,9.0,27.0,5.0,50.0
Matt Brash,Seattle,13,0,11.1,2.0,,,0.0,0.441,6.4,1.62,0.0,0.115,,,,,,,
Zack Wheeler,Philadelphia,2,2,11.0,1.0,,,2.45,1.0,11.5,4.09,0.0,0.25,91.0,91.0,43.0,93.0,28.0,88.0,46.0
Calvin Faucher,Miami,13,0,11.0,2.0,2.0,1.0,4.91,1.818,10.6,9.82,0.0,0.296,15.0,15.0,,63.0,1.0,77.0,25.0
Paul Sewald,Arizona,13,0,11.0,,3.0,7.0,4.09,0.818,10.6,2.45,2.45,0.136,50.0,50.0,11.0,91.0,73.0,66.0,4.0
Paxton Schultz,Washington,8,0,11.0,,,1.0,3.27,1.182,9.0,0.82,1.64,0.303,25.0,25.0,40.0,53.0,99.0,25.0,20.0
Connor Seabold,Detroit,8,0,11.0,1.0,,,4.09,1.545,9.0,4.09,1.64,0.323,86.0,86.0,35.0,53.0,59.0,49.0,65.0
Ryan Yarbrough,New York,7,0,11.0,,,,4.09,1.091,6.5,3.27,0.82,0.226,89.0,89.0,1.0,23.0,54.0,19.0,88.0
Jake Bird,New York,12,0,11.0,1.0,1.0,,5.73,1.364,9.0,2.45,0.82,0.344,69.0,69.0,59.0,56.0,82.0,69.0,38.0
Grant Wolfram,Baltimore,13,0,11.0,1.0,,,4.09,1.364,14.7,0.82,0.0,0.483,85.0,85.0,66.0,96.0,99.0,75.0,86.0
Dean Kremer,Baltimore,2,2,11.0,,1.0,,4.09,0.909,13.1,1.64,3.27,0.19,48.0,48.0,31.0,98.0,95.0,95.0,2.0
Jos\xc3\xa9 Alvarado,Philadelphia,15,0,10.2,,1.0,,6.75,2.25,11.0,5.29,0.0,0.514,62.0,62.0,95.0,55.0,36.0,86.0,95.0
Hunter Brown,Houston,2,2,10.2,1.0,,,0.84,1.031,14.3,5.29,0.0,0.25,98.0,98.0,74.0,99.0,15.0,55.0,95.0
Valente Bellozo,Colorado,3,0,10.2,,1.0,,7.59,1.594,6.8,6.18,4.41,0.192,1.0,1.0,2.0,20.0,12.0,76.0,3.0
Payton Tolle,Boston,2,2,10.2,,1.0,,3.38,1.031,12.7,4.41,0.88,0.238,98.0,98.0,72.0,97.0,26.0,93.0,79.0
Shawn Armstrong,Cleveland,12,0,10.2,1.0,,,4.22,1.406,11.0,6.18,1.76,0.25,30.0,30.0,31.0,80.0,11.0,59.0,19.0
Ryan Helsley,Baltimore,12,0,10.2,,2.0,7.0,2.53,1.313,12.7,6.18,0.0,0.292,82.0,82.0,97.0,93.0,8.0,99.0,81.0
Yennier Cano,Baltimore,15,0,10.2,1.0,1.0,,1.69,0.563,9.3,0.88,0.88,0.16,,,49.0,,,,
Tyler Samaniego,Boston,8,0,10.1,,,,0.0,1.065,7.0,3.56,0.0,0.25,,,27.0,,,,
Clayton Beeter,Washington,10,0,10.1,1.0,,2.0,3.48,1.258,7.8,7.13,1.78,0.115,32.0,32.0,80.0,35.0,4.0,31.0,25.0
Eli Morgan,Kansas City,7,0,10.1,,1.0,1.0,2.61,1.355,7.8,5.35,1.78,0.214,12.0,12.0,7.0,36.0,18.0,21.0,86.0
Edgardo Henriquez,Los Angeles,11,0,10.1,1.0,,,5.23,1.452,8.7,5.35,0.89,0.296,51.0,51.0,100.0,47.0,19.0,43.0,85.0
Tim Herrin,Cleveland,13,0,10.1,,1.0,,0.0,1.355,4.4,5.35,0.0,0.235,87.0,87.0,35.0,2.0,19.0,63.0,89.0
Ryan Borucki,San Francisco,12,0,10.1,,1.0,,5.23,1.645,7.8,3.56,1.78,0.344,54.0,54.0,43.0,30.0,56.0,85.0,68.0
Aaron Bummer,Atlanta,14,0,10.1,,1.0,,4.35,1.355,7.0,3.56,2.67,0.219,10.0,10.0,4.0,20.0,58.0,18.0,6.0
Cal Quantrill,Texas,4,0,10.0,1.0,,,4.5,1.3,8.1,3.6,0.9,0.308,,,40.0,,,,
Devin Williams,New York,12,0,10.0,1.0,1.0,3.0,7.2,2.1,15.3,5.4,0.9,0.56,59.0,59.0,34.0,95.0,26.0,98.0,23.0
Didier Fuentes,Atlanta,4,1,10.0,1.0,,,4.5,1.2,10.8,2.7,0.9,0.308,55.0,55.0,80.0,81.0,74.0,72.0,23.0
Lucas Sims,Chicago,9,0,10.0,,2.0,,4.5,1.6,9.0,6.3,0.9,0.32,40.0,40.0,44.0,47.0,8.0,27.0,56.0
Elvis Alvarado,Athletics,10,0,9.2,2.0,,,8.38,1.862,8.4,6.85,0.98,0.37,4.0,4.0,94.0,40.0,7.0,94.0,1.0
Kyle Backhus,Philadelphia,10,1,9.2,,,,4.66,1.241,9.3,0.98,1.96,0.321,,,8.0,,,,
Aroldis Chapman,Boston,10,0,9.2,,1.0,6.0,0.93,0.931,10.2,2.93,0.0,0.273,,,91.0,,,,
Cristian Javier,Houston,3,3,9.1,,1.0,,12.54,2.357,3.9,8.9,1.98,0.355,5.0,5.0,25.0,1.0,2.0,29.0,16.0
Bryan Abreu,Houston,11,0,9.1,,2.0,1.0,12.54,2.786,15.4,14.84,3.96,0.389,6.0,6.0,62.0,89.0,1.0,96.0,8.0
Colton Gordon,Houston,4,1,9.1,,,,11.57,2.571,10.6,2.97,5.93,0.517,4.0,4.0,9.0,49.0,85.0,7.0,20.0
Cody Bolton,Houston,4,2,9.1,,1.0,1.0,5.79,1.714,10.6,7.91,0.99,0.318,36.0,36.0,57.0,66.0,2.0,24.0,81.0
Ken Waldichuk,Washington,5,0,9.1,,,,6.75,1.5,7.7,5.93,3.96,0.182,,,,,,,
Enmanuel De Jesus,Detroit,7,0,9.1,1.0,,,8.68,2.464,9.6,6.92,0.0,0.485,24.0,24.0,37.0,35.0,15.0,8.0,68.0
Luis Morales,Athletics,3,2,9.1,,2.0,,14.46,3.107,6.8,11.87,4.95,0.4,1.0,1.0,77.0,6.0,1.0,4.0,6.0
Pete Fairbanks,Miami,10,1,9.0,,2.0,5.0,10.0,1.444,13.0,4.0,1.0,0.364,,,86.0,,,,
Chase Shugart,Philadelphia,9,0,9.0,2.0,,,1.0,1.111,9.0,2.0,1.0,0.304,,,62.0,,,,
Luinder Avila,Kansas City,4,1,9.0,,1.0,,7.0,2.222,9.0,4.0,1.0,0.5,4.0,4.0,76.0,40.0,49.0,39.0,10.0
Christian Roa,Houston,7,0,8.2,,1.0,,5.19,1.962,6.2,7.68,1.1,0.346,3.0,3.0,73.0,9.0,6.0,47.0,54.0
Kolby Allard,Cleveland,4,0,8.2,,,,10.38,2.192,9.3,3.29,2.2,0.467,8.0,8.0,2.0,36.0,78.0,8.0,3.0
Caleb Thielbar,Chicago,11,0,8.2,2.0,2.0,2.0,3.12,1.269,11.4,5.49,2.2,0.2,,,35.0,,,,
Tatsuya Imai,Houston,3,3,8.2,1.0,,,7.27,2.077,13.5,12.07,0.0,0.368,48.0,48.0,57.0,87.0,1.0,94.0,95.0
Raisel Iglesias,Atlanta,8,0,8.2,,,5.0,0.0,0.692,11.4,1.1,0.0,0.263,,,44.0,,,,
Blake Treinen,Los Angeles,11,0,8.2,1.0,1.0,,4.15,1.615,9.3,3.29,2.2,0.36,,,64.0,,,,
Jonathan Bowlan,Philadelphia,9,0,8.2,1.0,,,8.31,1.615,9.3,3.29,0.0,0.407,,,89.0,,,,
Luis Garcia,"Minnesota,New York",9,0,8.1,,1.0,,11.88,2.28,4.3,3.33,0.0,0.432,5.0,5.0,56.0,1.0,78.0,33.0,91.0
Shane Smith,Chicago,3,3,8.1,,2.0,,10.8,2.52,11.9,10.0,1.11,0.423,38.0,38.0,70.0,53.0,2.0,55.0,95.0
Riley Martin,Chicago,8,1,8.1,,,,2.16,0.84,10.8,2.22,1.11,0.235,,,52.0,,,,
Jason Adam,San Diego,9,0,8.0,,,1.0,2.25,0.875,4.5,2.25,1.12,0.167,,,,,,,
Jordan Romano,Los Angeles,11,0,8.0,,2.0,4.0,10.13,2.125,13.5,6.75,1.12,0.455,,,52.0,,,,
Colin Holderman,Cleveland,5,0,8.0,,,,2.25,0.625,6.8,2.25,1.12,0.095,,,82.0,,,,
Mitch Farris,Los Angeles,4,0,8.0,,,,2.25,1.5,6.8,4.5,1.12,0.318,,,10.0,,,,
Robert Garcia,Texas,9,0,8.0,,1.0,,3.38,1.5,6.8,7.88,0.0,0.238,,,46.0,,,,
Danny Coulombe,Boston,12,0,8.0,,1.0,,5.63,1.5,5.6,3.38,1.12,0.308,,,3.0,,,,
Jack Anderson,Boston,3,0,8.0,,,,3.38,1.25,6.8,2.25,1.12,0.304,,,,,,,
Hunter Bigge,Tampa Bay,8,0,8.0,,,,4.5,1.25,5.6,7.88,1.12,0.091,,,85.0,,,,
Jeremiah Estrada,San Diego,8,0,8.0,1.0,1.0,,4.5,1.25,12.4,5.62,0.0,0.313,,,64.0,,,,
Nick Sandlin,Los Angeles,7,0,7.2,,1.0,,10.57,1.435,7.0,5.0,1.25,0.3,,,,,,,
Cameron Foster,Baltimore,5,0,7.2,,,,5.87,2.348,10.6,7.5,0.0,0.5,,,78.0,,,,
Joel Payamps,Atlanta,12,0,7.2,,2.0,,8.22,1.696,10.6,5.0,2.5,0.333,,,40.0,,,,
Cade Horton,Chicago,2,2,7.1,1.0,,,2.45,0.818,4.9,2.54,1.27,0.158,,,67.0,,,,
Andre Granillo,Washington,7,0,7.1,,,,7.36,2.318,3.7,10.14,1.27,0.308,,,50.0,,,,
Kenley Jansen,Detroit,10,0,7.1,,2.0,6.0,6.14,1.636,11.0,5.07,3.8,0.278,,,,,,,
Burch Smith,Detroit,4,0,7.1,,1.0,,2.45,1.364,13.5,3.8,0.0,0.438,,,49.0,,,,
Kyle Nicolas,Cincinnati,7,0,7.1,1.0,,,8.59,2.864,8.6,16.48,1.27,0.333,1.0,1.0,85.0,20.0,1.0,39.0,79.0
Zach Pop,Philadelphia,7,1,7.1,,,,3.68,1.091,7.4,3.8,0.0,0.238,,,77.0,,,,
Cole Henry,Washington,7,0,7.0,,2.0,,6.43,1.714,10.3,5.14,1.29,0.35,,,37.0,,,,
Kyle Hurt,Los Angeles,7,0,7.0,,,,1.29,0.429,11.6,0.0,0.0,0.2,,,76.0,,,,
J.P. France,Houston,3,0,6.2,,,,8.1,1.65,5.4,7.26,1.45,0.25,,,,,,,
Ryan Rolison,Chicago,4,0,6.2,1.0,,,4.05,1.05,6.8,1.45,1.45,0.278,,,,,,,
Jhoan Duran,Philadelphia,7,0,6.2,1.0,1.0,5.0,1.35,0.75,10.8,0.0,0.0,0.313,,,95.0,,,,
Wilber Dotel,Pittsburgh,3,0,6.2,,,,1.35,0.75,5.4,4.35,1.45,0.059,,,95.0,,,,
Garrett Acton,Minnesota,4,0,6.2,1.0,1.0,,2.7,1.05,12.2,4.35,0.0,0.267,,,46.0,,,,
Craig Kimbrel,New York,7,0,6.1,,1.0,,4.26,1.421,11.4,4.43,0.0,0.4,,,27.0,,,,
Chris Martin,Texas,8,0,6.1,1.0,1.0,,7.11,1.737,9.9,0.0,1.48,0.5,,,,,,,
Cody Laweryson,Minnesota,5,0,6.1,,,1.0,4.26,0.789,11.4,2.95,0.0,0.214,,,18.0,,,,
Jos\xc3\xa9 Urquidy,Pittsburgh,5,0,6.1,,1.0,1.0,8.53,2.684,8.5,2.95,1.48,0.519,,,23.0,,,,
Gavin Collyer,Texas,8,0,6.1,1.0,,,0.0,0.947,7.1,4.43,0.0,0.2,,,89.0,,,,
Christian Scott,New York,2,2,6.1,,,,4.26,1.263,12.8,7.38,1.48,0.167,,,71.0,,,,
Jayden Murray,Houston,4,0,6.0,,,,6.0,2.0,7.5,7.5,0.0,0.389,,,64.0,,,,
Chris Murphy,Chicago,6,0,6.0,1.0,,1.0,10.5,2.333,9.0,7.5,1.5,0.4,,,,,,,
Peyton Gray,Texas,4,0,6.0,,,,0.0,1.5,7.5,7.5,0.0,0.25,,,,,,,
Edwin D\xc3\xadaz,Los Angeles,7,0,6.0,1.0,,4.0,10.5,2.333,15.0,7.5,1.5,0.5,,,71.0,,,,
Phil Maton,Chicago,7,0,6.0,,1.0,,12.0,2.167,13.5,6.0,1.5,0.471,,,,,,,
Carl Edwards Jr.,New York,2,0,6.0,,,,1.5,1.167,16.5,6.0,1.5,0.222,,,22.0,,,,
Carter Baumler,Texas,4,0,5.2,,,,3.18,1.765,9.5,10.38,1.73,0.231,,,,,,,
Hunter Gaddis,Cleveland,8,0,5.2,,1.0,,9.53,2.471,11.1,6.92,3.46,0.444,,,,,,,
Ryan Fernandez,St. Louis,4,0,5.2,1.0,,,1.59,1.588,14.3,3.46,0.0,0.467,,,,,,,
Trey Yesavage,Toronto,1,1,5.1,1.0,,,0.0,0.75,5.1,0.0,0.0,0.235,,,,,,,
Dietrich Enns,Baltimore,4,0,5.1,,,,3.38,1.5,13.5,8.82,0.0,0.3,,,43.0,,,,
Coleman Crow,Milwaukee,1,1,5.1,,,,3.38,0.938,6.8,1.76,0.0,0.25,,,,,,,
Daniel Palencia,Chicago,5,0,5.0,1.0,,1.0,0.0,1.0,9.0,3.6,0.0,0.25,,,99.0,,,,
Jake Bennett,Boston,1,1,5.0,1.0,,,1.8,1.4,5.4,3.6,1.8,0.286,,,,,,,
Steven Cruz,Kansas City,5,0,5.0,,,,14.4,2.2,12.6,7.2,7.2,0.273,,,84.0,,,,
Luis Curvelo,Texas,4,0,5.0,,,,5.4,1.6,5.4,3.6,3.6,0.267,,,,,,,
Mason Black,Kansas City,4,0,4.2,,,,0.0,1.929,9.6,4.29,0.0,0.467,,,,,,,
Ben Casparius,Los Angeles,5,0,4.2,,1.0,,9.64,2.143,7.7,8.57,2.14,0.357,,,,,,,
George Klassen,Los Angeles,2,2,4.2,,1.0,,11.57,3.643,11.6,21.43,2.14,0.4,,,85.0,,,,
Hunter Dobbins,St. Louis,1,1,4.1,,,,6.23,1.615,8.3,10.98,0.0,0.2,,,,,,,
Michael Kelly,Athletics,4,0,4.1,,,,6.23,2.308,8.3,8.78,2.2,0.385,,,,,,,
Austin Warren,New York,4,0,4.1,,1.0,,2.08,1.154,10.4,2.2,2.2,0.273,,,,,,,
Trevor Richards,Philadelphia,2,0,4.1,,,,2.08,1.615,10.4,6.59,0.0,0.364,,,,,,,
Andrew Alvarez,Washington,1,0,4.1,1.0,,,0.0,0.923,10.4,0.0,0.0,0.364,,,,,,,
Trevor Martin,Tampa Bay,3,0,4.1,,,,6.23,1.615,8.3,2.2,2.2,0.357,,,,,,,
Mitch Spence,Kansas City,1,0,4.0,,,,13.5,2.25,6.8,11.25,2.25,0.25,,,,,,,
Elmer Rodr\xc3\xadguez,New York,1,1,4.0,,1.0,,4.5,2.0,6.8,9.0,0.0,0.333,,,66.0,,,,
Carlos Rodriguez,Milwaukee,2,0,4.0,,,,2.25,1.25,11.3,0.0,2.25,0.364,,,,,,,
James McCann,Arizona,4,0,4.0,,,,11.25,3.0,0.0,6.75,2.25,0.421,,,,,,,
Roddery Mu\xc3\xb1oz,Houston,3,0,4.0,,,,15.75,3.25,13.5,13.5,6.75,0.4,,,,,,,
Corbin Martin,Chicago,5,0,4.0,,,1.0,2.25,1.25,4.5,9.0,0.0,0.091,,,,,,,
Julian Fern\xc3\xa1ndez,Washington,3,0,4.0,,,,2.25,1.25,6.8,4.5,2.25,0.167,,,,,,,
Jose Trevino,Cincinnati,3,0,4.0,,,,15.75,3.0,2.3,2.25,0.0,0.524,,,,,,,
Hunter Harvey,Chicago,4,0,4.0,,1.0,,6.75,1.5,9.0,2.25,4.5,0.273,,,,,,,
Dylan Dodd,Atlanta,2,0,4.0,,,1.0,2.25,1.0,9.0,2.25,0.0,0.273,,,,,,,
Lazaro Estrada,Toronto,1,0,4.0,,,,0.0,0.5,6.8,4.5,0.0,0.0,,,,,,,
Jake Eder,Los Angeles,4,0,4.0,1.0,,,2.25,1.0,2.3,2.25,0.0,0.231,,,,,,,
Chris Roycroft,St. Louis,5,0,3.2,,,,12.27,3.545,7.4,14.06,2.81,0.467,,,52.0,,,,
Zach Eflin,Baltimore,1,1,3.2,,,,2.45,1.636,17.2,5.62,2.81,0.429,,,,,,,
Jared Shuster,St. Louis,2,0,3.2,,,,4.91,1.091,2.5,5.62,0.0,0.167,,,,,,,
Joe Ross,Arizona,3,0,3.2,,,,19.64,3.0,4.9,11.25,2.81,0.4,,,,,,,
Brendon Little,Toronto,5,0,3.2,,2.0,,24.55,3.545,14.7,8.44,8.44,0.636,,,,,,,
Taylor Rashi,Arizona,3,0,3.2,1.0,,,9.82,1.091,9.8,2.81,2.81,0.222,,,,,,,
Johan Oviedo,Boston,1,0,3.2,,,,9.82,1.909,7.4,2.81,5.62,0.364,,,,,,,
Zak Kent,Minnesota,2,0,3.2,,,,4.91,2.455,4.9,14.06,5.62,0.182,,,,,,,
Jos\xc3\xa9 Fermin,Los Angeles,3,0,3.2,,1.0,,2.45,0.273,9.8,0.0,2.81,0.0,,,,,,,
Justin Verlander,Detroit,1,1,3.2,,1.0,,12.27,2.182,2.5,5.62,2.81,0.333,,,,,,,
Seth Johnson,Philadelphia,3,0,3.2,,,,7.36,2.182,9.8,8.44,0.0,0.385,,,,,,,
Garrett Cleavinger,Tampa Bay,4,0,3.1,1.0,1.0,,5.4,2.4,10.8,11.61,0.0,0.4,,,,,,,
Eduardo Rivera,Boston,1,0,3.1,,,,0.0,0.3,8.1,0.0,0.0,0.143,,,,,,,
Justin Slaten,Boston,4,0,3.1,,1.0,,0.0,1.2,13.5,5.81,0.0,0.286,,,,,,,
Ryan Johnson,Los Angeles,1,1,3.1,,1.0,,16.2,3.3,5.4,11.61,2.9,0.429,,,,,,,
Nolan Hoffman,Philadelphia,2,0,3.1,,,,2.7,1.8,5.4,2.9,0.0,0.417,,,,,,,
Bailey Falter,Kansas City,2,0,3.1,,,,13.5,3.0,10.8,5.81,2.9,0.538,,,,,,,
Joey Lucchesi,Los Angeles,5,0,3.1,,1.0,,13.5,3.9,10.8,17.42,2.9,0.5,,,17.0,,,,
Orlando Ribalta,Washington,3,0,3.0,,,1.0,0.0,0.333,6.0,0.0,0.0,0.143,,,,,,,
Alan Rangel,Philadelphia,1,0,3.0,,,,3.0,1.0,15.0,0.0,0.0,0.429,,,,,,,
Jedixson Paez,Chicago,3,0,3.0,,,,18.0,2.333,0.0,9.0,6.0,0.182,,,,,,,
Tyler Heineman,Toronto,2,0,3.0,,,,15.0,2.667,0.0,3.0,3.0,0.4,,,,,,,
Luis Mey,Cincinnati,2,0,3.0,,,,3.0,1.0,15.0,6.0,3.0,0.0,,,,,,,
Keegan Akin,Baltimore,3,0,3.0,,,,21.0,3.0,9.0,0.0,6.0,0.583,,,,,,,
Tyler Davis,Chicago,3,0,3.0,,,,0.0,0.333,9.0,3.0,0.0,0.0,,,,,,,
Cam Sanders,Pittsburgh,3,0,3.0,,,,12.0,2.0,12.0,6.0,0.0,0.5,,,,,,,
Charlie Barnes,Chicago,1,0,3.0,,,,9.0,2.333,3.0,9.0,0.0,0.333,,,,,,,
Andrew Kittredge,Baltimore,3,0,3.0,,,,0.0,1.0,12.0,3.0,0.0,0.286,,,,,,,
Josh Fleming,Toronto,1,0,3.0,,,,12.0,2.667,3.0,6.0,3.0,0.385,,,,,,,
Nick Raquet,Baltimore,3,0,2.2,,,,10.13,1.875,3.4,8.18,4.09,0.222,,,,,,,
Tyler Gilbert,Chicago,2,0,2.2,,,,20.25,2.625,6.8,12.27,8.18,0.25,,,,,,,
Brady Basso,Athletics,3,0,2.2,,,,6.75,2.25,3.4,4.09,4.09,0.364,,,,,,,
Austin Voth,Toronto,1,0,2.2,,,,3.38,1.5,3.4,4.09,0.0,0.3,,,,,,,
Tyler Uberstine,Boston,1,0,2.2,,1.0,,3.38,1.5,6.8,4.09,4.09,0.286,,,,,,,
Ethan Roberts,Chicago,3,0,2.2,,,,0.0,0.375,6.8,0.0,0.0,0.167,,,,,,,
Alex Hoppe,Seattle,2,0,2.2,,,,10.13,1.875,20.3,12.27,0.0,0.5,,,,,,,
Jared Koenig,Milwaukee,3,0,2.1,,,,0.0,2.143,15.4,8.57,0.0,0.429,,,,,,,
Angel Chivilli,New York,2,0,2.1,,,,3.86,2.143,11.6,12.86,4.29,0.2,,,,,,,
Vince Velasquez,Chicago,1,0,2.1,,,,0.0,0.429,3.9,0.0,0.0,0.143,,,,,,,
Philip Abner,Arizona,1,0,2.1,,,,7.71,0.857,3.9,4.29,0.0,0.167,,,,,,,
Brandon Eisert,Chicago,2,0,2.1,,,,15.43,3.0,7.7,4.29,0.0,0.667,,,,,,,
Brian Fitzpatrick,Milwaukee,2,0,2.1,,,,0.0,1.714,7.7,8.57,0.0,0.286,,,,,,,
Chris Devenski,Pittsburgh,3,0,2.1,,,,7.71,2.143,11.6,0.0,4.29,0.5,,,,,,,
Bennett Sousa,Houston,4,0,2.1,,,,11.57,3.429,15.4,21.43,0.0,0.6,,,,,,,
Cody Ponce,Toronto,1,1,2.1,,,,3.86,0.857,11.6,4.29,0.0,0.167,,,,,,,
Logan Henderson,Milwaukee,1,1,2.0,,,,9.0,2.0,13.5,4.5,0.0,0.6,,,,,,,
Alek Jacob,San Diego,1,0,2.0,1.0,,,0.0,1.0,13.5,4.5,0.0,0.25,,,,,,,
Kendry Rojas,Minnesota,1,0,2.0,,,,0.0,2.5,0.0,13.5,0.0,0.4,,,,,,,
Mason Barnett,Athletics,1,0,2.0,,,,0.0,1.5,4.5,9.0,0.0,0.167,,,,,,,
Yerry de los Santos,New York,1,0,2.0,,,,4.5,2.5,4.5,9.0,4.5,0.4,,,,,,,
Jos\xc3\xa9 Butt\xc3\xb3,San Francisco,3,0,2.0,,,,22.5,5.0,22.5,18.0,9.0,0.8,,,,,,,
Riley Cornelio,Washington,1,0,2.0,,1.0,,9.0,3.0,4.5,18.0,0.0,0.333,,,,,,,
Brandyn Garcia,Arizona,1,0,2.0,,,,0.0,0.0,9.0,0.0,0.0,0.0,,,,,,,
Joey Gerber,New York,1,0,2.0,,,,0.0,1.5,22.5,4.5,0.0,0.667,,,,,,,
Seth Halvorsen,Colorado,2,0,2.0,,,,0.0,1.0,9.0,9.0,0.0,0.0,,,,,,,
Easton McGee,Milwaukee,2,0,2.0,,,,0.0,1.0,4.5,4.5,0.0,0.25,,,,,,,
Anthony Molina,Atlanta,1,0,2.0,,,,0.0,0.5,0.0,4.5,0.0,0.0,,,,,,,
Jason Alexander,Houston,1,0,2.0,,,,22.5,2.5,4.5,13.5,4.5,0.167,,,,,,,
Rolddy Mu\xc3\xb1oz,Atlanta,1,0,2.0,,,,13.5,3.0,13.5,4.5,4.5,0.571,,,,,,,
Doug Nikhazy,Chicago,1,0,2.0,,,,4.5,1.5,4.5,9.0,0.0,0.167,,,,,,,
Brenan Hanifee,Detroit,2,0,2.0,,,,0.0,1.0,4.5,0.0,0.0,0.333,,,,,,,
Dylan Moore,Philadelphia,2,0,1.2,,,,5.4,1.2,0.0,7.5,0.0,0.167,,,,,,,
Sam Aldegheri,Los Angeles,1,0,1.2,1.0,,,5.4,1.8,10.8,7.5,7.5,0.25,,,,,,,
Gregory Santos,San Francisco,1,0,1.2,,,,0.0,1.8,5.4,15.0,0.0,0.333,,,,,,,
Cade Gibson,Miami,1,0,1.2,,,,21.6,3.6,5.4,7.5,7.5,0.571,,,,,,,
Yaramil Hiraldo,Baltimore,3,0,1.2,,,,21.6,4.2,10.8,30.0,15.0,0.25,,,,,,,
Yacksel R\xc3\xados,Chicago,1,0,1.2,,,,0.0,0.0,10.8,0.0,0.0,0.0,,,,,,,
Chase Lee,Toronto,1,0,1.1,,,,6.75,0.75,6.8,0.0,8.18,0.0,,,,,,,
Jackson Rutledge,Washington,1,0,1.1,,,,47.25,6.0,13.5,16.36,0.0,0.75,,,,,,,
Tyler Schweitzer,Chicago,1,0,1.1,,,,6.75,2.25,6.8,8.18,0.0,0.4,,,,,,,
Zach Maxwell,Cincinnati,1,0,1.0,,,,36.0,5.0,9.0,18.0,18.0,0.333,,,,,,,
Luke Little,Chicago,1,0,1.0,,,,9.0,2.0,9.0,0.0,9.0,0.333,,,,,,,
Reese McGuire,Chicago,1,0,1.0,,,,0.0,0.0,0.0,0.0,0.0,0.0,,,,,,,
Ben Williamson,Tampa Bay,1,0,1.0,,,,9.0,1.0,0.0,0.0,9.0,0.0,,,,,,,
Weston Wilson,Baltimore,1,0,1.0,,,,36.0,4.0,0.0,0.0,18.0,0.333,,,,,,,
Matt Pushard,St. Louis,1,0,1.0,,,,27.0,4.0,9.0,9.0,0.0,0.6,,,,,,,
Miguel Rojas,Los Angeles,1,0,1.0,,,,9.0,2.0,0.0,9.0,0.0,0.25,,,,,,,
Duncan Davitt,Chicago,1,0,1.0,,,,0.0,1.0,0.0,9.0,0.0,0.0,,,,,,,
Ryan Gusto,Miami,1,0,1.0,,,,0.0,0.0,9.0,0.0,0.0,0.0,,,,,,,
Ian Hamilton,Atlanta,1,0,1.0,,,,27.0,4.0,9.0,18.0,0.0,0.5,,,,,,,
P.J. Higgins,Cincinnati,1,0,1.0,,,,0.0,0.0,9.0,0.0,0.0,0.0,,,,,,,
Christian Koss,San Francisco,1,0,1.0,,,,0.0,0.0,0.0,0.0,0.0,0.0,,,,,,,
John Klein,Minnesota,1,0,1.0,,,,0.0,0.0,0.0,0.0,0.0,0.0,,,,,,,
Jake Rogers,Detroit,1,0,1.0,,,,0.0,2.0,9.0,0.0,0.0,0.5,,,,,,,
Hunter Stratton,Atlanta,1,0,1.0,,,,0.0,1.0,9.0,0.0,0.0,0.5,,,,,,,
Joey Wiemer,Washington,1,0,1.0,,,,9.0,3.0,0.0,9.0,0.0,0.4,,,,,,,
Carlos Carrasco,Atlanta,1,0,1.0,,,,0.0,0.0,9.0,0.0,0.0,0.0,,,,,,,
Jose Espada,Baltimore,1,0,1.0,,,,0.0,2.0,0.0,0.0,0.0,0.5,,,,,,,
Tyler Tolbert,Kansas City,1,0,0.2,,,,0.0,1.5,0.0,0.0,0.0,0.5,,,,,,,
Austin Hedges,Cleveland,1,0,0.1,,,,0.0,0.0,0.0,0.0,0.0,0.0,,,,,,,
Adam Frazier,Los Angeles,1,0,0.1,,,,0.0,6.0,0.0,90.0,0.0,0.5,,,,,,,
Carlos Est\xc3\xa9vez,Kansas City,1,0,0.1,,1.0,,162.0,18.0,0.0,180.0,90.0,0.75,,,,,,,
Jonathan Cannon,Chicago,1,0,0.0,,,,inf,,,inf,,,,,,,,,
